{"cameraMode":{"drawMode":0,"name":"Shaded","section":"Shading Mode"},"sceneLighting":true,"audioPlay":false,"sceneViewState":{"m_AlwaysRefresh":false,"showFog":true,"showSkybox":true,"showFlares":true,"showImageEffects":true,"showParticleSystems":true,"showVisualEffectGraphs":true,"m_FxEnabled":true},"in2DMode":false,"pivot":{"x":-1.537485122680664,"y":2.032430648803711,"z":-5.554960250854492},"rotation":{"x":-0.20344427227973939,"y":-0.013796895742416382,"z":0.0028679934330284597,"w":-0.9789749383926392},"size":10.778826713562012,"orthographic":true}